BN,HASMUNI BIN HASSAN (TOK MUNI),MALE,,634,PH,AIZUDDIN ARIFFIN,MALE,,298,PN,DATO' WIRA DR KU ABD RAHMAN BIN KU ISMAIL,MALE,,1842,PEJUANG,AMIRUDDIN HAMZAH (TOK MET),MALE,,170,,,,,,,,,,,,,,,,,,,,
BN,HASMUNI BIN HASSAN (TOK MUNI),MALE,,99,PH,AIZUDDIN ARIFFIN,MALE,,8,PN,DATO' WIRA DR KU ABD RAHMAN BIN KU ISMAIL,MALE,,148,PEJUANG,AMIRUDDIN HAMZAH (TOK MET),MALE,,4,,,,,,,,,,,,,,,,,,,,
BN,HASMUNI BIN HASSAN (TOK MUNI),MALE,,21,PH,AIZUDDIN ARIFFIN,MALE,,6,PN,DATO' WIRA DR KU ABD RAHMAN BIN KU ISMAIL,MALE,,25,PEJUANG,AMIRUDDIN HAMZAH (TOK MET),MALE,,0,,,,,,,,,,,,,,,,,,,,
BN,HASMUNI BIN HASSAN (TOK MUNI),MALE,,18,PH,AIZUDDIN ARIFFIN,MALE,,1,PN,DATO' WIRA DR KU ABD RAHMAN BIN KU ISMAIL,MALE,,34,PEJUANG,AMIRUDDIN HAMZAH (TOK MET),MALE,,0,,,,,,,,,,,,,,,,,,,,
BN,HASMUNI BIN HASSAN (TOK MUNI),MALE,,50,PH,AIZUDDIN ARIFFIN,MALE,,4,PN,DATO' WIRA DR KU ABD RAHMAN BIN KU ISMAIL,MALE,,122,PEJUANG,AMIRUDDIN HAMZAH (TOK MET),MALE,,2,,,,,,,,,,,,,,,,,,,,
BN,HASMUNI BIN HASSAN (TOK MUNI),MALE,,9,PH,AIZUDDIN ARIFFIN,MALE,,3,PN,DATO' WIRA DR KU ABD RAHMAN BIN KU ISMAIL,MALE,,27,PEJUANG,AMIRUDDIN HAMZAH (TOK MET),MALE,,0,,,,,,,,,,,,,,,,,,,,
BN,HASMUNI BIN HASSAN (TOK MUNI),MALE,,81,PH,AIZUDDIN ARIFFIN,MALE,,12,PN,DATO' WIRA DR KU ABD RAHMAN BIN KU ISMAIL,MALE,,211,PEJUANG,AMIRUDDIN HAMZAH (TOK MET),MALE,,9,,,,,,,,,,,,,,,,,,,,
BN,HASMUNI BIN HASSAN (TOK MUNI),MALE,,30,PH,AIZUDDIN ARIFFIN,MALE,,2,PN,DATO' WIRA DR KU ABD RAHMAN BIN KU ISMAIL,MALE,,138,PEJUANG,AMIRUDDIN HAMZAH (TOK MET),MALE,,2,,,,,,,,,,,,,,,,,,,,
BN,HASMUNI BIN HASSAN (TOK MUNI),MALE,,72,PH,AIZUDDIN ARIFFIN,MALE,,14,PN,DATO' WIRA DR KU ABD RAHMAN BIN KU ISMAIL,MALE,,338,PEJUANG,AMIRUDDIN HAMZAH (TOK MET),MALE,,4,,,,,,,,,,,,,,,,,,,,
BN,HASMUNI BIN HASSAN (TOK MUNI),MALE,,129,PH,AIZUDDIN ARIFFIN,MALE,,24,PN,DATO' WIRA DR KU ABD RAHMAN BIN KU ISMAIL,MALE,,146,PEJUANG,AMIRUDDIN HAMZAH (TOK MET),MALE,,25,,,,,,,,,,,,,,,,,,,,
BN,HASMUNI BIN HASSAN (TOK MUNI),MALE,,94,PH,AIZUDDIN ARIFFIN,MALE,,27,PN,DATO' WIRA DR KU ABD RAHMAN BIN KU ISMAIL,MALE,,196,PEJUANG,AMIRUDDIN HAMZAH (TOK MET),MALE,,24,,,,,,,,,,,,,,,,,,,,
BN,HASMUNI BIN HASSAN (TOK MUNI),MALE,,111,PH,AIZUDDIN ARIFFIN,MALE,,37,PN,DATO' WIRA DR KU ABD RAHMAN BIN KU ISMAIL,MALE,,336,PEJUANG,AMIRUDDIN HAMZAH (TOK MET),MALE,,32,,,,,,,,,,,,,,,,,,,,
BN,HASMUNI BIN HASSAN (TOK MUNI),MALE,,68,PH,AIZUDDIN ARIFFIN,MALE,,36,PN,DATO' WIRA DR KU ABD RAHMAN BIN KU ISMAIL,MALE,,377,PEJUANG,AMIRUDDIN HAMZAH (TOK MET),MALE,,22,,,,,,,,,,,,,,,,,,,,
BN,HASMUNI BIN HASSAN (TOK MUNI),MALE,,58,PH,AIZUDDIN ARIFFIN,MALE,,49,PN,DATO' WIRA DR KU ABD RAHMAN BIN KU ISMAIL,MALE,,439,PEJUANG,AMIRUDDIN HAMZAH (TOK MET),MALE,,21,,,,,,,,,,,,,,,,,,,,
BN,HASMUNI BIN HASSAN (TOK MUNI),MALE,,176,PH,AIZUDDIN ARIFFIN,MALE,,28,PN,DATO' WIRA DR KU ABD RAHMAN BIN KU ISMAIL,MALE,,131,PEJUANG,AMIRUDDIN HAMZAH (TOK MET),MALE,,28,,,,,,,,,,,,,,,,,,,,
BN,HASMUNI BIN HASSAN (TOK MUNI),MALE,,124,PH,AIZUDDIN ARIFFIN,MALE,,27,PN,DATO' WIRA DR KU ABD RAHMAN BIN KU ISMAIL,MALE,,184,PEJUANG,AMIRUDDIN HAMZAH (TOK MET),MALE,,25,,,,,,,,,,,,,,,,,,,,
BN,HASMUNI BIN HASSAN (TOK MUNI),MALE,,83,PH,AIZUDDIN ARIFFIN,MALE,,25,PN,DATO' WIRA DR KU ABD RAHMAN BIN KU ISMAIL,MALE,,243,PEJUANG,AMIRUDDIN HAMZAH (TOK MET),MALE,,39,,,,,,,,,,,,,,,,,,,,
BN,HASMUNI BIN HASSAN (TOK MUNI),MALE,,70,PH,AIZUDDIN ARIFFIN,MALE,,17,PN,DATO' WIRA DR KU ABD RAHMAN BIN KU ISMAIL,MALE,,248,PEJUANG,AMIRUDDIN HAMZAH (TOK MET),MALE,,21,,,,,,,,,,,,,,,,,,,,
BN,HASMUNI BIN HASSAN (TOK MUNI),MALE,,76,PH,AIZUDDIN ARIFFIN,MALE,,26,PN,DATO' WIRA DR KU ABD RAHMAN BIN KU ISMAIL,MALE,,290,PEJUANG,AMIRUDDIN HAMZAH (TOK MET),MALE,,17,,,,,,,,,,,,,,,,,,,,
BN,HASMUNI BIN HASSAN (TOK MUNI),MALE,,62,PH,AIZUDDIN ARIFFIN,MALE,,37,PN,DATO' WIRA DR KU ABD RAHMAN BIN KU ISMAIL,MALE,,205,PEJUANG,AMIRUDDIN HAMZAH (TOK MET),MALE,,37,,,,,,,,,,,,,,,,,,,,
BN,HASMUNI BIN HASSAN (TOK MUNI),MALE,,36,PH,AIZUDDIN ARIFFIN,MALE,,57,PN,DATO' WIRA DR KU ABD RAHMAN BIN KU ISMAIL,MALE,,249,PEJUANG,AMIRUDDIN HAMZAH (TOK MET),MALE,,24,,,,,,,,,,,,,,,,,,,,
BN,HASMUNI BIN HASSAN (TOK MUNI),MALE,,52,PH,AIZUDDIN ARIFFIN,MALE,,45,PN,DATO' WIRA DR KU ABD RAHMAN BIN KU ISMAIL,MALE,,230,PEJUANG,AMIRUDDIN HAMZAH (TOK MET),MALE,,22,,,,,,,,,,,,,,,,,,,,
BN,HASMUNI BIN HASSAN (TOK MUNI),MALE,,38,PH,AIZUDDIN ARIFFIN,MALE,,78,PN,DATO' WIRA DR KU ABD RAHMAN BIN KU ISMAIL,MALE,,317,PEJUANG,AMIRUDDIN HAMZAH (TOK MET),MALE,,23,,,,,,,,,,,,,,,,,,,,
BN,HASMUNI BIN HASSAN (TOK MUNI),MALE,,168,PH,AIZUDDIN ARIFFIN,MALE,,16,PN,DATO' WIRA DR KU ABD RAHMAN BIN KU ISMAIL,MALE,,134,PEJUANG,AMIRUDDIN HAMZAH (TOK MET),MALE,,23,,,,,,,,,,,,,,,,,,,,
BN,HASMUNI BIN HASSAN (TOK MUNI),MALE,,102,PH,AIZUDDIN ARIFFIN,MALE,,25,PN,DATO' WIRA DR KU ABD RAHMAN BIN KU ISMAIL,MALE,,238,PEJUANG,AMIRUDDIN HAMZAH (TOK MET),MALE,,28,,,,,,,,,,,,,,,,,,,,
BN,HASMUNI BIN HASSAN (TOK MUNI),MALE,,81,PH,AIZUDDIN ARIFFIN,MALE,,38,PN,DATO' WIRA DR KU ABD RAHMAN BIN KU ISMAIL,MALE,,260,PEJUANG,AMIRUDDIN HAMZAH (TOK MET),MALE,,19,,,,,,,,,,,,,,,,,,,,
BN,HASMUNI BIN HASSAN (TOK MUNI),MALE,,76,PH,AIZUDDIN ARIFFIN,MALE,,33,PN,DATO' WIRA DR KU ABD RAHMAN BIN KU ISMAIL,MALE,,293,PEJUANG,AMIRUDDIN HAMZAH (TOK MET),MALE,,12,,,,,,,,,,,,,,,,,,,,
BN,HASMUNI BIN HASSAN (TOK MUNI),MALE,,124,PH,AIZUDDIN ARIFFIN,MALE,,38,PN,DATO' WIRA DR KU ABD RAHMAN BIN KU ISMAIL,MALE,,157,PEJUANG,AMIRUDDIN HAMZAH (TOK MET),MALE,,16,,,,,,,,,,,,,,,,,,,,
BN,HASMUNI BIN HASSAN (TOK MUNI),MALE,,121,PH,AIZUDDIN ARIFFIN,MALE,,42,PN,DATO' WIRA DR KU ABD RAHMAN BIN KU ISMAIL,MALE,,350,PEJUANG,AMIRUDDIN HAMZAH (TOK MET),MALE,,33,,,,,,,,,,,,,,,,,,,,
BN,HASMUNI BIN HASSAN (TOK MUNI),MALE,,94,PH,AIZUDDIN ARIFFIN,MALE,,73,PN,DATO' WIRA DR KU ABD RAHMAN BIN KU ISMAIL,MALE,,399,PEJUANG,AMIRUDDIN HAMZAH (TOK MET),MALE,,16,,,,,,,,,,,,,,,,,,,,
BN,HASMUNI BIN HASSAN (TOK MUNI),MALE,,73,PH,AIZUDDIN ARIFFIN,MALE,,108,PN,DATO' WIRA DR KU ABD RAHMAN BIN KU ISMAIL,MALE,,91,PEJUANG,AMIRUDDIN HAMZAH (TOK MET),MALE,,16,,,,,,,,,,,,,,,,,,,,
BN,HASMUNI BIN HASSAN (TOK MUNI),MALE,,76,PH,AIZUDDIN ARIFFIN,MALE,,111,PN,DATO' WIRA DR KU ABD RAHMAN BIN KU ISMAIL,MALE,,142,PEJUANG,AMIRUDDIN HAMZAH (TOK MET),MALE,,29,,,,,,,,,,,,,,,,,,,,
BN,HASMUNI BIN HASSAN (TOK MUNI),MALE,,89,PH,AIZUDDIN ARIFFIN,MALE,,144,PN,DATO' WIRA DR KU ABD RAHMAN BIN KU ISMAIL,MALE,,249,PEJUANG,AMIRUDDIN HAMZAH (TOK MET),MALE,,23,,,,,,,,,,,,,,,,,,,,
BN,HASMUNI BIN HASSAN (TOK MUNI),MALE,,61,PH,AIZUDDIN ARIFFIN,MALE,,156,PN,DATO' WIRA DR KU ABD RAHMAN BIN KU ISMAIL,MALE,,224,PEJUANG,AMIRUDDIN HAMZAH (TOK MET),MALE,,28,,,,,,,,,,,,,,,,,,,,
BN,HASMUNI BIN HASSAN (TOK MUNI),MALE,,51,PH,AIZUDDIN ARIFFIN,MALE,,144,PN,DATO' WIRA DR KU ABD RAHMAN BIN KU ISMAIL,MALE,,234,PEJUANG,AMIRUDDIN HAMZAH (TOK MET),MALE,,19,,,,,,,,,,,,,,,,,,,,
BN,HASMUNI BIN HASSAN (TOK MUNI),MALE,,41,PH,AIZUDDIN ARIFFIN,MALE,,102,PN,DATO' WIRA DR KU ABD RAHMAN BIN KU ISMAIL,MALE,,255,PEJUANG,AMIRUDDIN HAMZAH (TOK MET),MALE,,19,,,,,,,,,,,,,,,,,,,,
BN,HASMUNI BIN HASSAN (TOK MUNI),MALE,,47,PH,AIZUDDIN ARIFFIN,MALE,,137,PN,DATO' WIRA DR KU ABD RAHMAN BIN KU ISMAIL,MALE,,253,PEJUANG,AMIRUDDIN HAMZAH (TOK MET),MALE,,15,,,,,,,,,,,,,,,,,,,,
BN,HASMUNI BIN HASSAN (TOK MUNI),MALE,,54,PH,AIZUDDIN ARIFFIN,MALE,,142,PN,DATO' WIRA DR KU ABD RAHMAN BIN KU ISMAIL,MALE,,311,PEJUANG,AMIRUDDIN HAMZAH (TOK MET),MALE,,16,,,,,,,,,,,,,,,,,,,,
BN,HASMUNI BIN HASSAN (TOK MUNI),MALE,,60,PH,AIZUDDIN ARIFFIN,MALE,,133,PN,DATO' WIRA DR KU ABD RAHMAN BIN KU ISMAIL,MALE,,341,PEJUANG,AMIRUDDIN HAMZAH (TOK MET),MALE,,12,,,,,,,,,,,,,,,,,,,,
BN,HASMUNI BIN HASSAN (TOK MUNI),MALE,,35,PH,AIZUDDIN ARIFFIN,MALE,,86,PN,DATO' WIRA DR KU ABD RAHMAN BIN KU ISMAIL,MALE,,40,PEJUANG,AMIRUDDIN HAMZAH (TOK MET),MALE,,8,,,,,,,,,,,,,,,,,,,,
BN,HASMUNI BIN HASSAN (TOK MUNI),MALE,,14,PH,AIZUDDIN ARIFFIN,MALE,,96,PN,DATO' WIRA DR KU ABD RAHMAN BIN KU ISMAIL,MALE,,42,PEJUANG,AMIRUDDIN HAMZAH (TOK MET),MALE,,4,,,,,,,,,,,,,,,,,,,,
BN,HASMUNI BIN HASSAN (TOK MUNI),MALE,,86,PH,AIZUDDIN ARIFFIN,MALE,,37,PN,DATO' WIRA DR KU ABD RAHMAN BIN KU ISMAIL,MALE,,183,PEJUANG,AMIRUDDIN HAMZAH (TOK MET),MALE,,22,,,,,,,,,,,,,,,,,,,,
BN,HASMUNI BIN HASSAN (TOK MUNI),MALE,,77,PH,AIZUDDIN ARIFFIN,MALE,,51,PN,DATO' WIRA DR KU ABD RAHMAN BIN KU ISMAIL,MALE,,197,PEJUANG,AMIRUDDIN HAMZAH (TOK MET),MALE,,39,,,,,,,,,,,,,,,,,,,,
BN,HASMUNI BIN HASSAN (TOK MUNI),MALE,,70,PH,AIZUDDIN ARIFFIN,MALE,,51,PN,DATO' WIRA DR KU ABD RAHMAN BIN KU ISMAIL,MALE,,322,PEJUANG,AMIRUDDIN HAMZAH (TOK MET),MALE,,25,,,,,,,,,,,,,,,,,,,,
BN,HASMUNI BIN HASSAN (TOK MUNI),MALE,,54,PH,AIZUDDIN ARIFFIN,MALE,,56,PN,DATO' WIRA DR KU ABD RAHMAN BIN KU ISMAIL,MALE,,356,PEJUANG,AMIRUDDIN HAMZAH (TOK MET),MALE,,18,,,,,,,,,,,,,,,,,,,,
BN,HASMUNI BIN HASSAN (TOK MUNI),MALE,,62,PH,AIZUDDIN ARIFFIN,MALE,,78,PN,DATO' WIRA DR KU ABD RAHMAN BIN KU ISMAIL,MALE,,432,PEJUANG,AMIRUDDIN HAMZAH (TOK MET),MALE,,17,,,,,,,,,,,,,,,,,,,,
BN,HASMUNI BIN HASSAN (TOK MUNI),MALE,,99,PH,AIZUDDIN ARIFFIN,MALE,,35,PN,DATO' WIRA DR KU ABD RAHMAN BIN KU ISMAIL,MALE,,139,PEJUANG,AMIRUDDIN HAMZAH (TOK MET),MALE,,24,,,,,,,,,,,,,,,,,,,,
BN,HASMUNI BIN HASSAN (TOK MUNI),MALE,,110,PH,AIZUDDIN ARIFFIN,MALE,,38,PN,DATO' WIRA DR KU ABD RAHMAN BIN KU ISMAIL,MALE,,176,PEJUANG,AMIRUDDIN HAMZAH (TOK MET),MALE,,47,,,,,,,,,,,,,,,,,,,,
BN,HASMUNI BIN HASSAN (TOK MUNI),MALE,,64,PH,AIZUDDIN ARIFFIN,MALE,,33,PN,DATO' WIRA DR KU ABD RAHMAN BIN KU ISMAIL,MALE,,346,PEJUANG,AMIRUDDIN HAMZAH (TOK MET),MALE,,26,,,,,,,,,,,,,,,,,,,,
BN,HASMUNI BIN HASSAN (TOK MUNI),MALE,,49,PH,AIZUDDIN ARIFFIN,MALE,,32,PN,DATO' WIRA DR KU ABD RAHMAN BIN KU ISMAIL,MALE,,343,PEJUANG,AMIRUDDIN HAMZAH (TOK MET),MALE,,21,,,,,,,,,,,,,,,,,,,,
BN,HASMUNI BIN HASSAN (TOK MUNI),MALE,,50,PH,AIZUDDIN ARIFFIN,MALE,,52,PN,DATO' WIRA DR KU ABD RAHMAN BIN KU ISMAIL,MALE,,401,PEJUANG,AMIRUDDIN HAMZAH (TOK MET),MALE,,31,,,,,,,,,,,,,,,,,,,,
BN,HASMUNI BIN HASSAN (TOK MUNI),MALE,,132,PH,AIZUDDIN ARIFFIN,MALE,,23,PN,DATO' WIRA DR KU ABD RAHMAN BIN KU ISMAIL,MALE,,105,PEJUANG,AMIRUDDIN HAMZAH (TOK MET),MALE,,50,,,,,,,,,,,,,,,,,,,,
BN,HASMUNI BIN HASSAN (TOK MUNI),MALE,,67,PH,AIZUDDIN ARIFFIN,MALE,,22,PN,DATO' WIRA DR KU ABD RAHMAN BIN KU ISMAIL,MALE,,198,PEJUANG,AMIRUDDIN HAMZAH (TOK MET),MALE,,44,,,,,,,,,,,,,,,,,,,,
BN,HASMUNI BIN HASSAN (TOK MUNI),MALE,,54,PH,AIZUDDIN ARIFFIN,MALE,,31,PN,DATO' WIRA DR KU ABD RAHMAN BIN KU ISMAIL,MALE,,220,PEJUANG,AMIRUDDIN HAMZAH (TOK MET),MALE,,26,,,,,,,,,,,,,,,,,,,,
BN,HASMUNI BIN HASSAN (TOK MUNI),MALE,,107,PH,AIZUDDIN ARIFFIN,MALE,,37,PN,DATO' WIRA DR KU ABD RAHMAN BIN KU ISMAIL,MALE,,128,PEJUANG,AMIRUDDIN HAMZAH (TOK MET),MALE,,39,,,,,,,,,,,,,,,,,,,,
BN,HASMUNI BIN HASSAN (TOK MUNI),MALE,,54,PH,AIZUDDIN ARIFFIN,MALE,,37,PN,DATO' WIRA DR KU ABD RAHMAN BIN KU ISMAIL,MALE,,227,PEJUANG,AMIRUDDIN HAMZAH (TOK MET),MALE,,31,,,,,,,,,,,,,,,,,,,,
BN,HASMUNI BIN HASSAN (TOK MUNI),MALE,,93,PH,AIZUDDIN ARIFFIN,MALE,,66,PN,DATO' WIRA DR KU ABD RAHMAN BIN KU ISMAIL,MALE,,129,PEJUANG,AMIRUDDIN HAMZAH (TOK MET),MALE,,14,,,,,,,,,,,,,,,,,,,,
BN,HASMUNI BIN HASSAN (TOK MUNI),MALE,,45,PH,AIZUDDIN ARIFFIN,MALE,,93,PN,DATO' WIRA DR KU ABD RAHMAN BIN KU ISMAIL,MALE,,201,PEJUANG,AMIRUDDIN HAMZAH (TOK MET),MALE,,14,,,,,,,,,,,,,,,,,,,,
BN,HASMUNI BIN HASSAN (TOK MUNI),MALE,,50,PH,AIZUDDIN ARIFFIN,MALE,,82,PN,DATO' WIRA DR KU ABD RAHMAN BIN KU ISMAIL,MALE,,215,PEJUANG,AMIRUDDIN HAMZAH (TOK MET),MALE,,8,,,,,,,,,,,,,,,,,,,,
BN,HASMUNI BIN HASSAN (TOK MUNI),MALE,,134,PH,AIZUDDIN ARIFFIN,MALE,,55,PN,DATO' WIRA DR KU ABD RAHMAN BIN KU ISMAIL,MALE,,107,PEJUANG,AMIRUDDIN HAMZAH (TOK MET),MALE,,30,,,,,,,,,,,,,,,,,,,,
BN,HASMUNI BIN HASSAN (TOK MUNI),MALE,,110,PH,AIZUDDIN ARIFFIN,MALE,,60,PN,DATO' WIRA DR KU ABD RAHMAN BIN KU ISMAIL,MALE,,169,PEJUANG,AMIRUDDIN HAMZAH (TOK MET),MALE,,30,,,,,,,,,,,,,,,,,,,,
BN,HASMUNI BIN HASSAN (TOK MUNI),MALE,,81,PH,AIZUDDIN ARIFFIN,MALE,,50,PN,DATO' WIRA DR KU ABD RAHMAN BIN KU ISMAIL,MALE,,190,PEJUANG,AMIRUDDIN HAMZAH (TOK MET),MALE,,30,,,,,,,,,,,,,,,,,,,,
BN,HASMUNI BIN HASSAN (TOK MUNI),MALE,,70,PH,AIZUDDIN ARIFFIN,MALE,,59,PN,DATO' WIRA DR KU ABD RAHMAN BIN KU ISMAIL,MALE,,244,PEJUANG,AMIRUDDIN HAMZAH (TOK MET),MALE,,16,,,,,,,,,,,,,,,,,,,,
BN,HASMUNI BIN HASSAN (TOK MUNI),MALE,,115,PH,AIZUDDIN ARIFFIN,MALE,,32,PN,DATO' WIRA DR KU ABD RAHMAN BIN KU ISMAIL,MALE,,180,PEJUANG,AMIRUDDIN HAMZAH (TOK MET),MALE,,23,,,,,,,,,,,,,,,,,,,,
BN,HASMUNI BIN HASSAN (TOK MUNI),MALE,,98,PH,AIZUDDIN ARIFFIN,MALE,,35,PN,DATO' WIRA DR KU ABD RAHMAN BIN KU ISMAIL,MALE,,352,PEJUANG,AMIRUDDIN HAMZAH (TOK MET),MALE,,31,,,,,,,,,,,,,,,,,,,,
BN,HASMUNI BIN HASSAN (TOK MUNI),MALE,,63,PH,AIZUDDIN ARIFFIN,MALE,,45,PN,DATO' WIRA DR KU ABD RAHMAN BIN KU ISMAIL,MALE,,390,PEJUANG,AMIRUDDIN HAMZAH (TOK MET),MALE,,12,,,,,,,,,,,,,,,,,,,,
BN,HASMUNI BIN HASSAN (TOK MUNI),MALE,,81,PH,AIZUDDIN ARIFFIN,MALE,,59,PN,DATO' WIRA DR KU ABD RAHMAN BIN KU ISMAIL,MALE,,153,PEJUANG,AMIRUDDIN HAMZAH (TOK MET),MALE,,47,,,,,,,,,,,,,,,,,,,,
BN,HASMUNI BIN HASSAN (TOK MUNI),MALE,,60,PH,AIZUDDIN ARIFFIN,MALE,,49,PN,DATO' WIRA DR KU ABD RAHMAN BIN KU ISMAIL,MALE,,256,PEJUANG,AMIRUDDIN HAMZAH (TOK MET),MALE,,35,,,,,,,,,,,,,,,,,,,,
BN,HASMUNI BIN HASSAN (TOK MUNI),MALE,,31,PH,AIZUDDIN ARIFFIN,MALE,,61,PN,DATO' WIRA DR KU ABD RAHMAN BIN KU ISMAIL,MALE,,290,PEJUANG,AMIRUDDIN HAMZAH (TOK MET),MALE,,25,,,,,,,,,,,,,,,,,,,,
BN,HASMUNI BIN HASSAN (TOK MUNI),MALE,,115,PH,AIZUDDIN ARIFFIN,MALE,,42,PN,DATO' WIRA DR KU ABD RAHMAN BIN KU ISMAIL,MALE,,162,PEJUANG,AMIRUDDIN HAMZAH (TOK MET),MALE,,31,,,,,,,,,,,,,,,,,,,,
BN,HASMUNI BIN HASSAN (TOK MUNI),MALE,,85,PH,AIZUDDIN ARIFFIN,MALE,,55,PN,DATO' WIRA DR KU ABD RAHMAN BIN KU ISMAIL,MALE,,330,PEJUANG,AMIRUDDIN HAMZAH (TOK MET),MALE,,66,,,,,,,,,,,,,,,,,,,,
BN,HASMUNI BIN HASSAN (TOK MUNI),MALE,,55,PH,AIZUDDIN ARIFFIN,MALE,,53,PN,DATO' WIRA DR KU ABD RAHMAN BIN KU ISMAIL,MALE,,380,PEJUANG,AMIRUDDIN HAMZAH (TOK MET),MALE,,37,,,,,,,,,,,,,,,,,,,,
BN,HASMUNI BIN HASSAN (TOK MUNI),MALE,,52,PH,AIZUDDIN ARIFFIN,MALE,,156,PN,DATO' WIRA DR KU ABD RAHMAN BIN KU ISMAIL,MALE,,57,PEJUANG,AMIRUDDIN HAMZAH (TOK MET),MALE,,19,,,,,,,,,,,,,,,,,,,,
BN,HASMUNI BIN HASSAN (TOK MUNI),MALE,,54,PH,AIZUDDIN ARIFFIN,MALE,,169,PN,DATO' WIRA DR KU ABD RAHMAN BIN KU ISMAIL,MALE,,80,PEJUANG,AMIRUDDIN HAMZAH (TOK MET),MALE,,14,,,,,,,,,,,,,,,,,,,,
BN,HASMUNI BIN HASSAN (TOK MUNI),MALE,,39,PH,AIZUDDIN ARIFFIN,MALE,,131,PN,DATO' WIRA DR KU ABD RAHMAN BIN KU ISMAIL,MALE,,147,PEJUANG,AMIRUDDIN HAMZAH (TOK MET),MALE,,9,,,,,,,,,,,,,,,,,,,,
BN,HASMUNI BIN HASSAN (TOK MUNI),MALE,,53,PH,AIZUDDIN ARIFFIN,MALE,,97,PN,DATO' WIRA DR KU ABD RAHMAN BIN KU ISMAIL,MALE,,176,PEJUANG,AMIRUDDIN HAMZAH (TOK MET),MALE,,5,,,,,,,,,,,,,,,,,,,,
BN,HASMUNI BIN HASSAN (TOK MUNI),MALE,,92,PH,AIZUDDIN ARIFFIN,MALE,,33,PN,DATO' WIRA DR KU ABD RAHMAN BIN KU ISMAIL,MALE,,139,PEJUANG,AMIRUDDIN HAMZAH (TOK MET),MALE,,42,,,,,,,,,,,,,,,,,,,,
BN,HASMUNI BIN HASSAN (TOK MUNI),MALE,,86,PH,AIZUDDIN ARIFFIN,MALE,,47,PN,DATO' WIRA DR KU ABD RAHMAN BIN KU ISMAIL,MALE,,207,PEJUANG,AMIRUDDIN HAMZAH (TOK MET),MALE,,39,,,,,,,,,,,,,,,,,,,,
BN,HASMUNI BIN HASSAN (TOK MUNI),MALE,,72,PH,AIZUDDIN ARIFFIN,MALE,,45,PN,DATO' WIRA DR KU ABD RAHMAN BIN KU ISMAIL,MALE,,280,PEJUANG,AMIRUDDIN HAMZAH (TOK MET),MALE,,38,,,,,,,,,,,,,,,,,,,,
BN,HASMUNI BIN HASSAN (TOK MUNI),MALE,,63,PH,AIZUDDIN ARIFFIN,MALE,,43,PN,DATO' WIRA DR KU ABD RAHMAN BIN KU ISMAIL,MALE,,324,PEJUANG,AMIRUDDIN HAMZAH (TOK MET),MALE,,26,,,,,,,,,,,,,,,,,,,,
BN,HASMUNI BIN HASSAN (TOK MUNI),MALE,,72,PH,AIZUDDIN ARIFFIN,MALE,,51,PN,DATO' WIRA DR KU ABD RAHMAN BIN KU ISMAIL,MALE,,187,PEJUANG,AMIRUDDIN HAMZAH (TOK MET),MALE,,26,,,,,,,,,,,,,,,,,,,,
BN,HASMUNI BIN HASSAN (TOK MUNI),MALE,,53,PH,AIZUDDIN ARIFFIN,MALE,,39,PN,DATO' WIRA DR KU ABD RAHMAN BIN KU ISMAIL,MALE,,352,PEJUANG,AMIRUDDIN HAMZAH (TOK MET),MALE,,25,,,,,,,,,,,,,,,,,,,,
BN,HASMUNI BIN HASSAN (TOK MUNI),MALE,,48,PH,AIZUDDIN ARIFFIN,MALE,,43,PN,DATO' WIRA DR KU ABD RAHMAN BIN KU ISMAIL,MALE,,407,PEJUANG,AMIRUDDIN HAMZAH (TOK MET),MALE,,20,,,,,,,,,,,,,,,,,,,,
BN,HASMUNI BIN HASSAN (TOK MUNI),MALE,,129,PH,AIZUDDIN ARIFFIN,MALE,,55,PN,DATO' WIRA DR KU ABD RAHMAN BIN KU ISMAIL,MALE,,126,PEJUANG,AMIRUDDIN HAMZAH (TOK MET),MALE,,32,,,,,,,,,,,,,,,,,,,,
BN,HASMUNI BIN HASSAN (TOK MUNI),MALE,,84,PH,AIZUDDIN ARIFFIN,MALE,,48,PN,DATO' WIRA DR KU ABD RAHMAN BIN KU ISMAIL,MALE,,183,PEJUANG,AMIRUDDIN HAMZAH (TOK MET),MALE,,52,,,,,,,,,,,,,,,,,,,,
BN,HASMUNI BIN HASSAN (TOK MUNI),MALE,,76,PH,AIZUDDIN ARIFFIN,MALE,,62,PN,DATO' WIRA DR KU ABD RAHMAN BIN KU ISMAIL,MALE,,307,PEJUANG,AMIRUDDIN HAMZAH (TOK MET),MALE,,52,,,,,,,,,,,,,,,,,,,,
BN,HASMUNI BIN HASSAN (TOK MUNI),MALE,,69,PH,AIZUDDIN ARIFFIN,MALE,,76,PN,DATO' WIRA DR KU ABD RAHMAN BIN KU ISMAIL,MALE,,339,PEJUANG,AMIRUDDIN HAMZAH (TOK MET),MALE,,36,,,,,,,,,,,,,,,,,,,,
BN,HASMUNI BIN HASSAN (TOK MUNI),MALE,,78,PH,AIZUDDIN ARIFFIN,MALE,,51,PN,DATO' WIRA DR KU ABD RAHMAN BIN KU ISMAIL,MALE,,154,PEJUANG,AMIRUDDIN HAMZAH (TOK MET),MALE,,32,,,,,,,,,,,,,,,,,,,,
BN,HASMUNI BIN HASSAN (TOK MUNI),MALE,,53,PH,AIZUDDIN ARIFFIN,MALE,,38,PN,DATO' WIRA DR KU ABD RAHMAN BIN KU ISMAIL,MALE,,234,PEJUANG,AMIRUDDIN HAMZAH (TOK MET),MALE,,41,,,,,,,,,,,,,,,,,,,,
BN,HASMUNI BIN HASSAN (TOK MUNI),MALE,,37,PH,AIZUDDIN ARIFFIN,MALE,,54,PN,DATO' WIRA DR KU ABD RAHMAN BIN KU ISMAIL,MALE,,282,PEJUANG,AMIRUDDIN HAMZAH (TOK MET),MALE,,21,,,,,,,,,,,,,,,,,,,,
BN,HASMUNI BIN HASSAN (TOK MUNI),MALE,,88,PH,AIZUDDIN ARIFFIN,MALE,,30,PN,DATO' WIRA DR KU ABD RAHMAN BIN KU ISMAIL,MALE,,186,PEJUANG,AMIRUDDIN HAMZAH (TOK MET),MALE,,35,,,,,,,,,,,,,,,,,,,,
BN,HASMUNI BIN HASSAN (TOK MUNI),MALE,,68,PH,AIZUDDIN ARIFFIN,MALE,,29,PN,DATO' WIRA DR KU ABD RAHMAN BIN KU ISMAIL,MALE,,250,PEJUANG,AMIRUDDIN HAMZAH (TOK MET),MALE,,21,,,,,,,,,,,,,,,,,,,,
BN,HASMUNI BIN HASSAN (TOK MUNI),MALE,,44,PH,AIZUDDIN ARIFFIN,MALE,,40,PN,DATO' WIRA DR KU ABD RAHMAN BIN KU ISMAIL,MALE,,272,PEJUANG,AMIRUDDIN HAMZAH (TOK MET),MALE,,10,,,,,,,,,,,,,,,,,,,,
BN,HASMUNI BIN HASSAN (TOK MUNI),MALE,,88,PH,AIZUDDIN ARIFFIN,MALE,,89,PN,DATO' WIRA DR KU ABD RAHMAN BIN KU ISMAIL,MALE,,125,PEJUANG,AMIRUDDIN HAMZAH (TOK MET),MALE,,16,,,,,,,,,,,,,,,,,,,,
BN,HASMUNI BIN HASSAN (TOK MUNI),MALE,,95,PH,AIZUDDIN ARIFFIN,MALE,,76,PN,DATO' WIRA DR KU ABD RAHMAN BIN KU ISMAIL,MALE,,186,PEJUANG,AMIRUDDIN HAMZAH (TOK MET),MALE,,27,,,,,,,,,,,,,,,,,,,,
BN,HASMUNI BIN HASSAN (TOK MUNI),MALE,,48,PH,AIZUDDIN ARIFFIN,MALE,,144,PN,DATO' WIRA DR KU ABD RAHMAN BIN KU ISMAIL,MALE,,297,PEJUANG,AMIRUDDIN HAMZAH (TOK MET),MALE,,30,,,,,,,,,,,,,,,,,,,,
BN,HASMUNI BIN HASSAN (TOK MUNI),MALE,,55,PH,AIZUDDIN ARIFFIN,MALE,,129,PN,DATO' WIRA DR KU ABD RAHMAN BIN KU ISMAIL,MALE,,319,PEJUANG,AMIRUDDIN HAMZAH (TOK MET),MALE,,21,,,,,,,,,,,,,,,,,,,,
BN,HASMUNI BIN HASSAN (TOK MUNI),MALE,,43,PH,AIZUDDIN ARIFFIN,MALE,,115,PN,DATO' WIRA DR KU ABD RAHMAN BIN KU ISMAIL,MALE,,429,PEJUANG,AMIRUDDIN HAMZAH (TOK MET),MALE,,21,,,,,,,,,,,,,,,,,,,,
BN,HASMUNI BIN HASSAN (TOK MUNI),MALE,,132,PH,AIZUDDIN ARIFFIN,MALE,,31,PN,DATO' WIRA DR KU ABD RAHMAN BIN KU ISMAIL,MALE,,171,PEJUANG,AMIRUDDIN HAMZAH (TOK MET),MALE,,31,,,,,,,,,,,,,,,,,,,,
BN,HASMUNI BIN HASSAN (TOK MUNI),MALE,,62,PH,AIZUDDIN ARIFFIN,MALE,,31,PN,DATO' WIRA DR KU ABD RAHMAN BIN KU ISMAIL,MALE,,288,PEJUANG,AMIRUDDIN HAMZAH (TOK MET),MALE,,24,,,,,,,,,,,,,,,,,,,,
BN,HASMUNI BIN HASSAN (TOK MUNI),MALE,,71,PH,AIZUDDIN ARIFFIN,MALE,,32,PN,DATO' WIRA DR KU ABD RAHMAN BIN KU ISMAIL,MALE,,320,PEJUANG,AMIRUDDIN HAMZAH (TOK MET),MALE,,20,,,,,,,,,,,,,,,,,,,,
BN,HASMUNI BIN HASSAN (TOK MUNI),MALE,,161,PH,AIZUDDIN ARIFFIN,MALE,,11,PN,DATO' WIRA DR KU ABD RAHMAN BIN KU ISMAIL,MALE,,168,PEJUANG,AMIRUDDIN HAMZAH (TOK MET),MALE,,23,,,,,,,,,,,,,,,,,,,,
BN,HASMUNI BIN HASSAN (TOK MUNI),MALE,,75,PH,AIZUDDIN ARIFFIN,MALE,,26,PN,DATO' WIRA DR KU ABD RAHMAN BIN KU ISMAIL,MALE,,242,PEJUANG,AMIRUDDIN HAMZAH (TOK MET),MALE,,32,,,,,,,,,,,,,,,,,,,,
BN,HASMUNI BIN HASSAN (TOK MUNI),MALE,,68,PH,AIZUDDIN ARIFFIN,MALE,,11,PN,DATO' WIRA DR KU ABD RAHMAN BIN KU ISMAIL,MALE,,280,PEJUANG,AMIRUDDIN HAMZAH (TOK MET),MALE,,20,,,,,,,,,,,,,,,,,,,,
BN,HASMUNI BIN HASSAN (TOK MUNI),MALE,,154,PH,AIZUDDIN ARIFFIN,MALE,,32,PN,DATO' WIRA DR KU ABD RAHMAN BIN KU ISMAIL,MALE,,136,PEJUANG,AMIRUDDIN HAMZAH (TOK MET),MALE,,31,,,,,,,,,,,,,,,,,,,,
BN,HASMUNI BIN HASSAN (TOK MUNI),MALE,,114,PH,AIZUDDIN ARIFFIN,MALE,,52,PN,DATO' WIRA DR KU ABD RAHMAN BIN KU ISMAIL,MALE,,295,PEJUANG,AMIRUDDIN HAMZAH (TOK MET),MALE,,37,,,,,,,,,,,,,,,,,,,,
BN,HASMUNI BIN HASSAN (TOK MUNI),MALE,,58,PH,AIZUDDIN ARIFFIN,MALE,,56,PN,DATO' WIRA DR KU ABD RAHMAN BIN KU ISMAIL,MALE,,318,PEJUANG,AMIRUDDIN HAMZAH (TOK MET),MALE,,21,,,,,,,,,,,,,,,,,,,,
BN,HASMUNI BIN HASSAN (TOK MUNI),MALE,,53,PH,AIZUDDIN ARIFFIN,MALE,,83,PN,DATO' WIRA DR KU ABD RAHMAN BIN KU ISMAIL,MALE,,327,PEJUANG,AMIRUDDIN HAMZAH (TOK MET),MALE,,24,,,,,,,,,,,,,,,,,,,,
BN,HASMUNI BIN HASSAN (TOK MUNI),MALE,,154,PH,AIZUDDIN ARIFFIN,MALE,,31,PN,DATO' WIRA DR KU ABD RAHMAN BIN KU ISMAIL,MALE,,146,PEJUANG,AMIRUDDIN HAMZAH (TOK MET),MALE,,23,,,,,,,,,,,,,,,,,,,,
BN,HASMUNI BIN HASSAN (TOK MUNI),MALE,,114,PH,AIZUDDIN ARIFFIN,MALE,,38,PN,DATO' WIRA DR KU ABD RAHMAN BIN KU ISMAIL,MALE,,317,PEJUANG,AMIRUDDIN HAMZAH (TOK MET),MALE,,25,,,,,,,,,,,,,,,,,,,,
BN,HASMUNI BIN HASSAN (TOK MUNI),MALE,,124,PH,AIZUDDIN ARIFFIN,MALE,,35,PN,DATO' WIRA DR KU ABD RAHMAN BIN KU ISMAIL,MALE,,341,PEJUANG,AMIRUDDIN HAMZAH (TOK MET),MALE,,18,,,,,,,,,,,,,,,,,,,,
BN,HASMUNI BIN HASSAN (TOK MUNI),MALE,,63,PH,AIZUDDIN ARIFFIN,MALE,,157,PN,DATO' WIRA DR KU ABD RAHMAN BIN KU ISMAIL,MALE,,79,PEJUANG,AMIRUDDIN HAMZAH (TOK MET),MALE,,23,,,,,,,,,,,,,,,,,,,,
BN,HASMUNI BIN HASSAN (TOK MUNI),MALE,,46,PH,AIZUDDIN ARIFFIN,MALE,,200,PN,DATO' WIRA DR KU ABD RAHMAN BIN KU ISMAIL,MALE,,96,PEJUANG,AMIRUDDIN HAMZAH (TOK MET),MALE,,23,,,,,,,,,,,,,,,,,,,,
BN,HASMUNI BIN HASSAN (TOK MUNI),MALE,,38,PH,AIZUDDIN ARIFFIN,MALE,,212,PN,DATO' WIRA DR KU ABD RAHMAN BIN KU ISMAIL,MALE,,182,PEJUANG,AMIRUDDIN HAMZAH (TOK MET),MALE,,36,,,,,,,,,,,,,,,,,,,,
BN,HASMUNI BIN HASSAN (TOK MUNI),MALE,,35,PH,AIZUDDIN ARIFFIN,MALE,,237,PN,DATO' WIRA DR KU ABD RAHMAN BIN KU ISMAIL,MALE,,174,PEJUANG,AMIRUDDIN HAMZAH (TOK MET),MALE,,16,,,,,,,,,,,,,,,,,,,,
BN,HASMUNI BIN HASSAN (TOK MUNI),MALE,,81,PH,AIZUDDIN ARIFFIN,MALE,,89,PN,DATO' WIRA DR KU ABD RAHMAN BIN KU ISMAIL,MALE,,125,PEJUANG,AMIRUDDIN HAMZAH (TOK MET),MALE,,32,,,,,,,,,,,,,,,,,,,,
BN,HASMUNI BIN HASSAN (TOK MUNI),MALE,,47,PH,AIZUDDIN ARIFFIN,MALE,,135,PN,DATO' WIRA DR KU ABD RAHMAN BIN KU ISMAIL,MALE,,119,PEJUANG,AMIRUDDIN HAMZAH (TOK MET),MALE,,28,,,,,,,,,,,,,,,,,,,,
BN,HASMUNI BIN HASSAN (TOK MUNI),MALE,,49,PH,AIZUDDIN ARIFFIN,MALE,,120,PN,DATO' WIRA DR KU ABD RAHMAN BIN KU ISMAIL,MALE,,186,PEJUANG,AMIRUDDIN HAMZAH (TOK MET),MALE,,26,,,,,,,,,,,,,,,,,,,,
BN,HASMUNI BIN HASSAN (TOK MUNI),MALE,,34,PH,AIZUDDIN ARIFFIN,MALE,,157,PN,DATO' WIRA DR KU ABD RAHMAN BIN KU ISMAIL,MALE,,185,PEJUANG,AMIRUDDIN HAMZAH (TOK MET),MALE,,5,,,,,,,,,,,,,,,,,,,,
BN,HASMUNI BIN HASSAN (TOK MUNI),MALE,,72,PH,AIZUDDIN ARIFFIN,MALE,,98,PN,DATO' WIRA DR KU ABD RAHMAN BIN KU ISMAIL,MALE,,95,PEJUANG,AMIRUDDIN HAMZAH (TOK MET),MALE,,31,,,,,,,,,,,,,,,,,,,,
BN,HASMUNI BIN HASSAN (TOK MUNI),MALE,,85,PH,AIZUDDIN ARIFFIN,MALE,,113,PN,DATO' WIRA DR KU ABD RAHMAN BIN KU ISMAIL,MALE,,116,PEJUANG,AMIRUDDIN HAMZAH (TOK MET),MALE,,38,,,,,,,,,,,,,,,,,,,,
BN,HASMUNI BIN HASSAN (TOK MUNI),MALE,,70,PH,AIZUDDIN ARIFFIN,MALE,,152,PN,DATO' WIRA DR KU ABD RAHMAN BIN KU ISMAIL,MALE,,173,PEJUANG,AMIRUDDIN HAMZAH (TOK MET),MALE,,34,,,,,,,,,,,,,,,,,,,,
BN,HASMUNI BIN HASSAN (TOK MUNI),MALE,,61,PH,AIZUDDIN ARIFFIN,MALE,,109,PN,DATO' WIRA DR KU ABD RAHMAN BIN KU ISMAIL,MALE,,195,PEJUANG,AMIRUDDIN HAMZAH (TOK MET),MALE,,48,,,,,,,,,,,,,,,,,,,,
BN,HASMUNI BIN HASSAN (TOK MUNI),MALE,,56,PH,AIZUDDIN ARIFFIN,MALE,,100,PN,DATO' WIRA DR KU ABD RAHMAN BIN KU ISMAIL,MALE,,230,PEJUANG,AMIRUDDIN HAMZAH (TOK MET),MALE,,34,,,,,,,,,,,,,,,,,,,,
BN,HASMUNI BIN HASSAN (TOK MUNI),MALE,,41,PH,AIZUDDIN ARIFFIN,MALE,,156,PN,DATO' WIRA DR KU ABD RAHMAN BIN KU ISMAIL,MALE,,214,PEJUANG,AMIRUDDIN HAMZAH (TOK MET),MALE,,29,,,,,,,,,,,,,,,,,,,,
BN,HASMUNI BIN HASSAN (TOK MUNI),MALE,,39,PH,AIZUDDIN ARIFFIN,MALE,,162,PN,DATO' WIRA DR KU ABD RAHMAN BIN KU ISMAIL,MALE,,274,PEJUANG,AMIRUDDIN HAMZAH (TOK MET),MALE,,36,,,,,,,,,,,,,,,,,,,,
BN,HASMUNI BIN HASSAN (TOK MUNI),MALE,,85,PH,AIZUDDIN ARIFFIN,MALE,,62,PN,DATO' WIRA DR KU ABD RAHMAN BIN KU ISMAIL,MALE,,95,PEJUANG,AMIRUDDIN HAMZAH (TOK MET),MALE,,39,,,,,,,,,,,,,,,,,,,,
BN,HASMUNI BIN HASSAN (TOK MUNI),MALE,,57,PH,AIZUDDIN ARIFFIN,MALE,,80,PN,DATO' WIRA DR KU ABD RAHMAN BIN KU ISMAIL,MALE,,183,PEJUANG,AMIRUDDIN HAMZAH (TOK MET),MALE,,54,,,,,,,,,,,,,,,,,,,,
BN,HASMUNI BIN HASSAN (TOK MUNI),MALE,,104,PH,AIZUDDIN ARIFFIN,MALE,,126,PN,DATO' WIRA DR KU ABD RAHMAN BIN KU ISMAIL,MALE,,281,PEJUANG,AMIRUDDIN HAMZAH (TOK MET),MALE,,48,,,,,,,,,,,,,,,,,,,,
BN,HASMUNI BIN HASSAN (TOK MUNI),MALE,,55,PH,AIZUDDIN ARIFFIN,MALE,,114,PN,DATO' WIRA DR KU ABD RAHMAN BIN KU ISMAIL,MALE,,277,PEJUANG,AMIRUDDIN HAMZAH (TOK MET),MALE,,41,,,,,,,,,,,,,,,,,,,,
BN,HASMUNI BIN HASSAN (TOK MUNI),MALE,,44,PH,AIZUDDIN ARIFFIN,MALE,,125,PN,DATO' WIRA DR KU ABD RAHMAN BIN KU ISMAIL,MALE,,297,PEJUANG,AMIRUDDIN HAMZAH (TOK MET),MALE,,36,,,,,,,,,,,,,,,,,,,,
BN,HASMUNI BIN HASSAN (TOK MUNI),MALE,,41,PH,AIZUDDIN ARIFFIN,MALE,,174,PN,DATO' WIRA DR KU ABD RAHMAN BIN KU ISMAIL,MALE,,294,PEJUANG,AMIRUDDIN HAMZAH (TOK MET),MALE,,34,,,,,,,,,,,,,,,,,,,,
BN,HASMUNI BIN HASSAN (TOK MUNI),MALE,,45,PH,AIZUDDIN ARIFFIN,MALE,,154,PN,DATO' WIRA DR KU ABD RAHMAN BIN KU ISMAIL,MALE,,356,PEJUANG,AMIRUDDIN HAMZAH (TOK MET),MALE,,34,,,,,,,,,,,,,,,,,,,,
BN,HASMUNI BIN HASSAN (TOK MUNI),MALE,,81,PH,AIZUDDIN ARIFFIN,MALE,,86,PN,DATO' WIRA DR KU ABD RAHMAN BIN KU ISMAIL,MALE,,116,PEJUANG,AMIRUDDIN HAMZAH (TOK MET),MALE,,26,,,,,,,,,,,,,,,,,,,,
BN,HASMUNI BIN HASSAN (TOK MUNI),MALE,,62,PH,AIZUDDIN ARIFFIN,MALE,,142,PN,DATO' WIRA DR KU ABD RAHMAN BIN KU ISMAIL,MALE,,198,PEJUANG,AMIRUDDIN HAMZAH (TOK MET),MALE,,29,,,,,,,,,,,,,,,,,,,,
BN,HASMUNI BIN HASSAN (TOK MUNI),MALE,,43,PH,AIZUDDIN ARIFFIN,MALE,,187,PN,DATO' WIRA DR KU ABD RAHMAN BIN KU ISMAIL,MALE,,218,PEJUANG,AMIRUDDIN HAMZAH (TOK MET),MALE,,23,,,,,,,,,,,,,,,,,,,,
BN,HASMUNI BIN HASSAN (TOK MUNI),MALE,,78,PH,AIZUDDIN ARIFFIN,MALE,,149,PN,DATO' WIRA DR KU ABD RAHMAN BIN KU ISMAIL,MALE,,78,PEJUANG,AMIRUDDIN HAMZAH (TOK MET),MALE,,20,,,,,,,,,,,,,,,,,,,,
BN,HASMUNI BIN HASSAN (TOK MUNI),MALE,,48,PH,AIZUDDIN ARIFFIN,MALE,,181,PN,DATO' WIRA DR KU ABD RAHMAN BIN KU ISMAIL,MALE,,94,PEJUANG,AMIRUDDIN HAMZAH (TOK MET),MALE,,25,,,,,,,,,,,,,,,,,,,,
BN,HASMUNI BIN HASSAN (TOK MUNI),MALE,,58,PH,AIZUDDIN ARIFFIN,MALE,,185,PN,DATO' WIRA DR KU ABD RAHMAN BIN KU ISMAIL,MALE,,162,PEJUANG,AMIRUDDIN HAMZAH (TOK MET),MALE,,36,,,,,,,,,,,,,,,,,,,,
BN,HASMUNI BIN HASSAN (TOK MUNI),MALE,,24,PH,AIZUDDIN ARIFFIN,MALE,,202,PN,DATO' WIRA DR KU ABD RAHMAN BIN KU ISMAIL,MALE,,157,PEJUANG,AMIRUDDIN HAMZAH (TOK MET),MALE,,26,,,,,,,,,,,,,,,,,,,,
BN,HASMUNI BIN HASSAN (TOK MUNI),MALE,,34,PH,AIZUDDIN ARIFFIN,MALE,,242,PN,DATO' WIRA DR KU ABD RAHMAN BIN KU ISMAIL,MALE,,167,PEJUANG,AMIRUDDIN HAMZAH (TOK MET),MALE,,12,,,,,,,,,,,,,,,,,,,,
BN,HASMUNI BIN HASSAN (TOK MUNI),MALE,,87,PH,AIZUDDIN ARIFFIN,MALE,,100,PN,DATO' WIRA DR KU ABD RAHMAN BIN KU ISMAIL,MALE,,111,PEJUANG,AMIRUDDIN HAMZAH (TOK MET),MALE,,19,,,,,,,,,,,,,,,,,,,,
BN,HASMUNI BIN HASSAN (TOK MUNI),MALE,,67,PH,AIZUDDIN ARIFFIN,MALE,,135,PN,DATO' WIRA DR KU ABD RAHMAN BIN KU ISMAIL,MALE,,139,PEJUANG,AMIRUDDIN HAMZAH (TOK MET),MALE,,34,,,,,,,,,,,,,,,,,,,,
BN,HASMUNI BIN HASSAN (TOK MUNI),MALE,,65,PH,AIZUDDIN ARIFFIN,MALE,,187,PN,DATO' WIRA DR KU ABD RAHMAN BIN KU ISMAIL,MALE,,204,PEJUANG,AMIRUDDIN HAMZAH (TOK MET),MALE,,55,,,,,,,,,,,,,,,,,,,,
BN,HASMUNI BIN HASSAN (TOK MUNI),MALE,,63,PH,AIZUDDIN ARIFFIN,MALE,,168,PN,DATO' WIRA DR KU ABD RAHMAN BIN KU ISMAIL,MALE,,179,PEJUANG,AMIRUDDIN HAMZAH (TOK MET),MALE,,34,,,,,,,,,,,,,,,,,,,,
BN,HASMUNI BIN HASSAN (TOK MUNI),MALE,,38,PH,AIZUDDIN ARIFFIN,MALE,,154,PN,DATO' WIRA DR KU ABD RAHMAN BIN KU ISMAIL,MALE,,203,PEJUANG,AMIRUDDIN HAMZAH (TOK MET),MALE,,21,,,,,,,,,,,,,,,,,,,,
BN,HASMUNI BIN HASSAN (TOK MUNI),MALE,,47,PH,AIZUDDIN ARIFFIN,MALE,,159,PN,DATO' WIRA DR KU ABD RAHMAN BIN KU ISMAIL,MALE,,196,PEJUANG,AMIRUDDIN HAMZAH (TOK MET),MALE,,26,,,,,,,,,,,,,,,,,,,,
BN,HASMUNI BIN HASSAN (TOK MUNI),MALE,,32,PH,AIZUDDIN ARIFFIN,MALE,,179,PN,DATO' WIRA DR KU ABD RAHMAN BIN KU ISMAIL,MALE,,215,PEJUANG,AMIRUDDIN HAMZAH (TOK MET),MALE,,26,,,,,,,,,,,,,,,,,,,,
BN,HASMUNI BIN HASSAN (TOK MUNI),MALE,,35,PH,AIZUDDIN ARIFFIN,MALE,,195,PN,DATO' WIRA DR KU ABD RAHMAN BIN KU ISMAIL,MALE,,234,PEJUANG,AMIRUDDIN HAMZAH (TOK MET),MALE,,30,,,,,,,,,,,,,,,,,,,,
BN,HASMUNI BIN HASSAN (TOK MUNI),MALE,,57,PH,AIZUDDIN ARIFFIN,MALE,,198,PN,DATO' WIRA DR KU ABD RAHMAN BIN KU ISMAIL,MALE,,297,PEJUANG,AMIRUDDIN HAMZAH (TOK MET),MALE,,47,,,,,,,,,,,,,,,,,,,,
BN,HASMUNI BIN HASSAN (TOK MUNI),MALE,,70,PH,AIZUDDIN ARIFFIN,MALE,,122,PN,DATO' WIRA DR KU ABD RAHMAN BIN KU ISMAIL,MALE,,99,PEJUANG,AMIRUDDIN HAMZAH (TOK MET),MALE,,25,,,,,,,,,,,,,,,,,,,,
BN,HASMUNI BIN HASSAN (TOK MUNI),MALE,,57,PH,AIZUDDIN ARIFFIN,MALE,,125,PN,DATO' WIRA DR KU ABD RAHMAN BIN KU ISMAIL,MALE,,150,PEJUANG,AMIRUDDIN HAMZAH (TOK MET),MALE,,30,,,,,,,,,,,,,,,,,,,,
BN,HASMUNI BIN HASSAN (TOK MUNI),MALE,,36,PH,AIZUDDIN ARIFFIN,MALE,,74,PN,DATO' WIRA DR KU ABD RAHMAN BIN KU ISMAIL,MALE,,188,PEJUANG,AMIRUDDIN HAMZAH (TOK MET),MALE,,29,,,,,,,,,,,,,,,,,,,,
BN,HASMUNI BIN HASSAN (TOK MUNI),MALE,,31,PH,AIZUDDIN ARIFFIN,MALE,,62,PN,DATO' WIRA DR KU ABD RAHMAN BIN KU ISMAIL,MALE,,259,PEJUANG,AMIRUDDIN HAMZAH (TOK MET),MALE,,21,,,,,,,,,,,,,,,,,,,,
BN,HASMUNI BIN HASSAN (TOK MUNI),MALE,,72,PH,AIZUDDIN ARIFFIN,MALE,,88,PN,DATO' WIRA DR KU ABD RAHMAN BIN KU ISMAIL,MALE,,131,PEJUANG,AMIRUDDIN HAMZAH (TOK MET),MALE,,15,,,,,,,,,,,,,,,,,,,,
BN,HASMUNI BIN HASSAN (TOK MUNI),MALE,,78,PH,AIZUDDIN ARIFFIN,MALE,,83,PN,DATO' WIRA DR KU ABD RAHMAN BIN KU ISMAIL,MALE,,190,PEJUANG,AMIRUDDIN HAMZAH (TOK MET),MALE,,29,,,,,,,,,,,,,,,,,,,,
BN,HASMUNI BIN HASSAN (TOK MUNI),MALE,,74,PH,AIZUDDIN ARIFFIN,MALE,,131,PN,DATO' WIRA DR KU ABD RAHMAN BIN KU ISMAIL,MALE,,315,PEJUANG,AMIRUDDIN HAMZAH (TOK MET),MALE,,24,,,,,,,,,,,,,,,,,,,,
BN,HASMUNI BIN HASSAN (TOK MUNI),MALE,,56,PH,AIZUDDIN ARIFFIN,MALE,,94,PN,DATO' WIRA DR KU ABD RAHMAN BIN KU ISMAIL,MALE,,303,PEJUANG,AMIRUDDIN HAMZAH (TOK MET),MALE,,19,,,,,,,,,,,,,,,,,,,,
BN,HASMUNI BIN HASSAN (TOK MUNI),MALE,,47,PH,AIZUDDIN ARIFFIN,MALE,,86,PN,DATO' WIRA DR KU ABD RAHMAN BIN KU ISMAIL,MALE,,321,PEJUANG,AMIRUDDIN HAMZAH (TOK MET),MALE,,26,,,,,,,,,,,,,,,,,,,,
BN,HASMUNI BIN HASSAN (TOK MUNI),MALE,,48,PH,AIZUDDIN ARIFFIN,MALE,,98,PN,DATO' WIRA DR KU ABD RAHMAN BIN KU ISMAIL,MALE,,398,PEJUANG,AMIRUDDIN HAMZAH (TOK MET),MALE,,12,,,,,,,,,,,,,,,,,,,,
BN,HASMUNI BIN HASSAN (TOK MUNI),MALE,,125,PH,AIZUDDIN ARIFFIN,MALE,,24,PN,DATO' WIRA DR KU ABD RAHMAN BIN KU ISMAIL,MALE,,195,PEJUANG,AMIRUDDIN HAMZAH (TOK MET),MALE,,17,,,,,,,,,,,,,,,,,,,,
BN,HASMUNI BIN HASSAN (TOK MUNI),MALE,,71,PH,AIZUDDIN ARIFFIN,MALE,,26,PN,DATO' WIRA DR KU ABD RAHMAN BIN KU ISMAIL,MALE,,273,PEJUANG,AMIRUDDIN HAMZAH (TOK MET),MALE,,31,,,,,,,,,,,,,,,,,,,,
BN,HASMUNI BIN HASSAN (TOK MUNI),MALE,,63,PH,AIZUDDIN ARIFFIN,MALE,,16,PN,DATO' WIRA DR KU ABD RAHMAN BIN KU ISMAIL,MALE,,267,PEJUANG,AMIRUDDIN HAMZAH (TOK MET),MALE,,23,,,,,,,,,,,,,,,,,,,,
BN,HASMUNI BIN HASSAN (TOK MUNI),MALE,,66,PH,AIZUDDIN ARIFFIN,MALE,,39,PN,DATO' WIRA DR KU ABD RAHMAN BIN KU ISMAIL,MALE,,332,PEJUANG,AMIRUDDIN HAMZAH (TOK MET),MALE,,10,,,,,,,,,,,,,,,,,,,,
BN,HASMUNI BIN HASSAN (TOK MUNI),MALE,,109,PH,AIZUDDIN ARIFFIN,MALE,,20,PN,DATO' WIRA DR KU ABD RAHMAN BIN KU ISMAIL,MALE,,215,PEJUANG,AMIRUDDIN HAMZAH (TOK MET),MALE,,25,,,,,,,,,,,,,,,,,,,,
BN,HASMUNI BIN HASSAN (TOK MUNI),MALE,,98,PH,AIZUDDIN ARIFFIN,MALE,,21,PN,DATO' WIRA DR KU ABD RAHMAN BIN KU ISMAIL,MALE,,229,PEJUANG,AMIRUDDIN HAMZAH (TOK MET),MALE,,39,,,,,,,,,,,,,,,,,,,,
BN,HASMUNI BIN HASSAN (TOK MUNI),MALE,,69,PH,AIZUDDIN ARIFFIN,MALE,,29,PN,DATO' WIRA DR KU ABD RAHMAN BIN KU ISMAIL,MALE,,330,PEJUANG,AMIRUDDIN HAMZAH (TOK MET),MALE,,36,,,,,,,,,,,,,,,,,,,,
BN,HASMUNI BIN HASSAN (TOK MUNI),MALE,,62,PH,AIZUDDIN ARIFFIN,MALE,,22,PN,DATO' WIRA DR KU ABD RAHMAN BIN KU ISMAIL,MALE,,371,PEJUANG,AMIRUDDIN HAMZAH (TOK MET),MALE,,22,,,,,,,,,,,,,,,,,,,,
BN,HASMUNI BIN HASSAN (TOK MUNI),MALE,,51,PH,AIZUDDIN ARIFFIN,MALE,,48,PN,DATO' WIRA DR KU ABD RAHMAN BIN KU ISMAIL,MALE,,430,PEJUANG,AMIRUDDIN HAMZAH (TOK MET),MALE,,23,,,,,,,,,,,,,,,,,,,,
BN,HASMUNI BIN HASSAN (TOK MUNI),MALE,,88,PH,AIZUDDIN ARIFFIN,MALE,,44,PN,DATO' WIRA DR KU ABD RAHMAN BIN KU ISMAIL,MALE,,207,PEJUANG,AMIRUDDIN HAMZAH (TOK MET),MALE,,21,,,,,,,,,,,,,,,,,,,,
BN,HASMUNI BIN HASSAN (TOK MUNI),MALE,,63,PH,AIZUDDIN ARIFFIN,MALE,,40,PN,DATO' WIRA DR KU ABD RAHMAN BIN KU ISMAIL,MALE,,289,PEJUANG,AMIRUDDIN HAMZAH (TOK MET),MALE,,18,,,,,,,,,,,,,,,,,,,,
BN,HASMUNI BIN HASSAN (TOK MUNI),MALE,,47,PH,AIZUDDIN ARIFFIN,MALE,,67,PN,DATO' WIRA DR KU ABD RAHMAN BIN KU ISMAIL,MALE,,258,PEJUANG,AMIRUDDIN HAMZAH (TOK MET),MALE,,15,,,,,,,,,,,,,,,,,,,,
BN,HASMUNI BIN HASSAN (TOK MUNI),MALE,,44,PH,AIZUDDIN ARIFFIN,MALE,,113,PN,DATO' WIRA DR KU ABD RAHMAN BIN KU ISMAIL,MALE,,297,PEJUANG,AMIRUDDIN HAMZAH (TOK MET),MALE,,18,,,,,,,,,,,,,,,,,,,,
BN,HASMUNI BIN HASSAN (TOK MUNI),MALE,,76,PH,AIZUDDIN ARIFFIN,MALE,,85,PN,DATO' WIRA DR KU ABD RAHMAN BIN KU ISMAIL,MALE,,120,PEJUANG,AMIRUDDIN HAMZAH (TOK MET),MALE,,21,,,,,,,,,,,,,,,,,,,,
BN,HASMUNI BIN HASSAN (TOK MUNI),MALE,,73,PH,AIZUDDIN ARIFFIN,MALE,,100,PN,DATO' WIRA DR KU ABD RAHMAN BIN KU ISMAIL,MALE,,184,PEJUANG,AMIRUDDIN HAMZAH (TOK MET),MALE,,30,,,,,,,,,,,,,,,,,,,,
BN,HASMUNI BIN HASSAN (TOK MUNI),MALE,,64,PH,AIZUDDIN ARIFFIN,MALE,,149,PN,DATO' WIRA DR KU ABD RAHMAN BIN KU ISMAIL,MALE,,190,PEJUANG,AMIRUDDIN HAMZAH (TOK MET),MALE,,41,,,,,,,,,,,,,,,,,,,,
BN,HASMUNI BIN HASSAN (TOK MUNI),MALE,,38,PH,AIZUDDIN ARIFFIN,MALE,,94,PN,DATO' WIRA DR KU ABD RAHMAN BIN KU ISMAIL,MALE,,269,PEJUANG,AMIRUDDIN HAMZAH (TOK MET),MALE,,20,,,,,,,,,,,,,,,,,,,,
BN,HASMUNI BIN HASSAN (TOK MUNI),MALE,,34,PH,AIZUDDIN ARIFFIN,MALE,,92,PN,DATO' WIRA DR KU ABD RAHMAN BIN KU ISMAIL,MALE,,261,PEJUANG,AMIRUDDIN HAMZAH (TOK MET),MALE,,16,,,,,,,,,,,,,,,,,,,,
BN,HASMUNI BIN HASSAN (TOK MUNI),MALE,,51,PH,AIZUDDIN ARIFFIN,MALE,,112,PN,DATO' WIRA DR KU ABD RAHMAN BIN KU ISMAIL,MALE,,249,PEJUANG,AMIRUDDIN HAMZAH (TOK MET),MALE,,24,,,,,,,,,,,,,,,,,,,,
BN,HASMUNI BIN HASSAN (TOK MUNI),MALE,,63,PH,AIZUDDIN ARIFFIN,MALE,,139,PN,DATO' WIRA DR KU ABD RAHMAN BIN KU ISMAIL,MALE,,277,PEJUANG,AMIRUDDIN HAMZAH (TOK MET),MALE,,13,,,,,,,,,,,,,,,,,,,,
BN,HASMUNI BIN HASSAN (TOK MUNI),MALE,,103,PH,AIZUDDIN ARIFFIN,MALE,,47,PN,DATO' WIRA DR KU ABD RAHMAN BIN KU ISMAIL,MALE,,167,PEJUANG,AMIRUDDIN HAMZAH (TOK MET),MALE,,24,,,,,,,,,,,,,,,,,,,,
BN,HASMUNI BIN HASSAN (TOK MUNI),MALE,,66,PH,AIZUDDIN ARIFFIN,MALE,,59,PN,DATO' WIRA DR KU ABD RAHMAN BIN KU ISMAIL,MALE,,249,PEJUANG,AMIRUDDIN HAMZAH (TOK MET),MALE,,41,,,,,,,,,,,,,,,,,,,,
BN,HASMUNI BIN HASSAN (TOK MUNI),MALE,,41,PH,AIZUDDIN ARIFFIN,MALE,,54,PN,DATO' WIRA DR KU ABD RAHMAN BIN KU ISMAIL,MALE,,254,PEJUANG,AMIRUDDIN HAMZAH (TOK MET),MALE,,16,,,,,,,,,,,,,,,,,,,,
BN,HASMUNI BIN HASSAN (TOK MUNI),MALE,,31,PH,AIZUDDIN ARIFFIN,MALE,,81,PN,DATO' WIRA DR KU ABD RAHMAN BIN KU ISMAIL,MALE,,295,PEJUANG,AMIRUDDIN HAMZAH (TOK MET),MALE,,12,,,,,,,,,,,,,,,,,,,,
BN,HASMUNI BIN HASSAN (TOK MUNI),MALE,,105,PH,AIZUDDIN ARIFFIN,MALE,,46,PN,DATO' WIRA DR KU ABD RAHMAN BIN KU ISMAIL,MALE,,166,PEJUANG,AMIRUDDIN HAMZAH (TOK MET),MALE,,22,,,,,,,,,,,,,,,,,,,,
BN,HASMUNI BIN HASSAN (TOK MUNI),MALE,,116,PH,AIZUDDIN ARIFFIN,MALE,,51,PN,DATO' WIRA DR KU ABD RAHMAN BIN KU ISMAIL,MALE,,203,PEJUANG,AMIRUDDIN HAMZAH (TOK MET),MALE,,25,,,,,,,,,,,,,,,,,,,,
BN,HASMUNI BIN HASSAN (TOK MUNI),MALE,,85,PH,AIZUDDIN ARIFFIN,MALE,,106,PN,DATO' WIRA DR KU ABD RAHMAN BIN KU ISMAIL,MALE,,332,PEJUANG,AMIRUDDIN HAMZAH (TOK MET),MALE,,51,,,,,,,,,,,,,,,,,,,,
BN,HASMUNI BIN HASSAN (TOK MUNI),MALE,,56,PH,AIZUDDIN ARIFFIN,MALE,,72,PN,DATO' WIRA DR KU ABD RAHMAN BIN KU ISMAIL,MALE,,359,PEJUANG,AMIRUDDIN HAMZAH (TOK MET),MALE,,41,,,,,,,,,,,,,,,,,,,,
BN,HASMUNI BIN HASSAN (TOK MUNI),MALE,,45,PH,AIZUDDIN ARIFFIN,MALE,,107,PN,DATO' WIRA DR KU ABD RAHMAN BIN KU ISMAIL,MALE,,300,PEJUANG,AMIRUDDIN HAMZAH (TOK MET),MALE,,26,,,,,,,,,,,,,,,,,,,,
BN,HASMUNI BIN HASSAN (TOK MUNI),MALE,,52,PH,AIZUDDIN ARIFFIN,MALE,,147,PN,DATO' WIRA DR KU ABD RAHMAN BIN KU ISMAIL,MALE,,285,PEJUANG,AMIRUDDIN HAMZAH (TOK MET),MALE,,21,,,,,,,,,,,,,,,,,,,,
BN,HASMUNI BIN HASSAN (TOK MUNI),MALE,,58,PH,AIZUDDIN ARIFFIN,MALE,,150,PN,DATO' WIRA DR KU ABD RAHMAN BIN KU ISMAIL,MALE,,358,PEJUANG,AMIRUDDIN HAMZAH (TOK MET),MALE,,30,,,,,,,,,,,,,,,,,,,,
BN,HASMUNI BIN HASSAN (TOK MUNI),MALE,,43,PH,AIZUDDIN ARIFFIN,MALE,,124,PN,DATO' WIRA DR KU ABD RAHMAN BIN KU ISMAIL,MALE,,419,PEJUANG,AMIRUDDIN HAMZAH (TOK MET),MALE,,37,,,,,,,,,,,,,,,,,,,,
BN,HASMUNI BIN HASSAN (TOK MUNI),MALE,,124,PH,AIZUDDIN ARIFFIN,MALE,,46,PN,DATO' WIRA DR KU ABD RAHMAN BIN KU ISMAIL,MALE,,134,PEJUANG,AMIRUDDIN HAMZAH (TOK MET),MALE,,37,,,,,,,,,,,,,,,,,,,,
BN,HASMUNI BIN HASSAN (TOK MUNI),MALE,,79,PH,AIZUDDIN ARIFFIN,MALE,,53,PN,DATO' WIRA DR KU ABD RAHMAN BIN KU ISMAIL,MALE,,278,PEJUANG,AMIRUDDIN HAMZAH (TOK MET),MALE,,46,,,,,,,,,,,,,,,,,,,,
BN,HASMUNI BIN HASSAN (TOK MUNI),MALE,,68,PH,AIZUDDIN ARIFFIN,MALE,,61,PN,DATO' WIRA DR KU ABD RAHMAN BIN KU ISMAIL,MALE,,279,PEJUANG,AMIRUDDIN HAMZAH (TOK MET),MALE,,23,,,,,,,,,,,,,,,,,,,,
BN,HASMUNI BIN HASSAN (TOK MUNI),MALE,,46,PH,AIZUDDIN ARIFFIN,MALE,,69,PN,DATO' WIRA DR KU ABD RAHMAN BIN KU ISMAIL,MALE,,333,PEJUANG,AMIRUDDIN HAMZAH (TOK MET),MALE,,31,,,,,,,,,,,,,,,,,,,,
BN,HASMUNI BIN HASSAN (TOK MUNI),MALE,,92,PH,AIZUDDIN ARIFFIN,MALE,,69,PN,DATO' WIRA DR KU ABD RAHMAN BIN KU ISMAIL,MALE,,128,PEJUANG,AMIRUDDIN HAMZAH (TOK MET),MALE,,26,,,,,,,,,,,,,,,,,,,,
BN,HASMUNI BIN HASSAN (TOK MUNI),MALE,,56,PH,AIZUDDIN ARIFFIN,MALE,,67,PN,DATO' WIRA DR KU ABD RAHMAN BIN KU ISMAIL,MALE,,202,PEJUANG,AMIRUDDIN HAMZAH (TOK MET),MALE,,32,,,,,,,,,,,,,,,,,,,,
BN,HASMUNI BIN HASSAN (TOK MUNI),MALE,,43,PH,AIZUDDIN ARIFFIN,MALE,,61,PN,DATO' WIRA DR KU ABD RAHMAN BIN KU ISMAIL,MALE,,291,PEJUANG,AMIRUDDIN HAMZAH (TOK MET),MALE,,21,,,,,,,,,,,,,,,,,,,,
BN,HASMUNI BIN HASSAN (TOK MUNI),MALE,,31,PH,AIZUDDIN ARIFFIN,MALE,,53,PN,DATO' WIRA DR KU ABD RAHMAN BIN KU ISMAIL,MALE,,357,PEJUANG,AMIRUDDIN HAMZAH (TOK MET),MALE,,25,,,,,,,,,,,,,,,,,,,,
