BN,DATO' SIVARRAAJH CHANDRAN,MALE,,116,PKR,MANOGARAN,MALE,,28,BERJASA,USTAZ TAHIR,MALE,,0,PSM,SURESH KUMAR,MALE,,3
BN,DATO' SIVARRAAJH CHANDRAN,MALE,,184,PKR,MANOGARAN,MALE,,4,BERJASA,USTAZ TAHIR,MALE,,0,PSM,SURESH KUMAR,MALE,,1
BN,DATO' SIVARRAAJH CHANDRAN,MALE,,6,PKR,MANOGARAN,MALE,,1,BERJASA,USTAZ TAHIR,MALE,,0,PSM,SURESH KUMAR,MALE,,0
BN,DATO' SIVARRAAJH CHANDRAN,MALE,,218,PKR,MANOGARAN,MALE,,20,BERJASA,USTAZ TAHIR,MALE,,4,PSM,SURESH KUMAR,MALE,,4
BN,DATO' SIVARRAAJH CHANDRAN,MALE,,466,PKR,MANOGARAN,MALE,,13,BERJASA,USTAZ TAHIR,MALE,,2,PSM,SURESH KUMAR,MALE,,10
BN,DATO' SIVARRAAJH CHANDRAN,MALE,,158,PKR,MANOGARAN,MALE,,8,BERJASA,USTAZ TAHIR,MALE,,0,PSM,SURESH KUMAR,MALE,,1
BN,DATO' SIVARRAAJH CHANDRAN,MALE,,432,PKR,MANOGARAN,MALE,,12,BERJASA,USTAZ TAHIR,MALE,,1,PSM,SURESH KUMAR,MALE,,1
BN,DATO' SIVARRAAJH CHANDRAN,MALE,,62,PKR,MANOGARAN,MALE,,194,BERJASA,USTAZ TAHIR,MALE,,0,PSM,SURESH KUMAR,MALE,,3
BN,DATO' SIVARRAAJH CHANDRAN,MALE,,82,PKR,MANOGARAN,MALE,,370,BERJASA,USTAZ TAHIR,MALE,,4,PSM,SURESH KUMAR,MALE,,6
BN,DATO' SIVARRAAJH CHANDRAN,MALE,,111,PKR,MANOGARAN,MALE,,343,BERJASA,USTAZ TAHIR,MALE,,1,PSM,SURESH KUMAR,MALE,,5
BN,DATO' SIVARRAAJH CHANDRAN,MALE,,99,PKR,MANOGARAN,MALE,,331,BERJASA,USTAZ TAHIR,MALE,,1,PSM,SURESH KUMAR,MALE,,14
BN,DATO' SIVARRAAJH CHANDRAN,MALE,,77,PKR,MANOGARAN,MALE,,165,BERJASA,USTAZ TAHIR,MALE,,1,PSM,SURESH KUMAR,MALE,,5
BN,DATO' SIVARRAAJH CHANDRAN,MALE,,111,PKR,MANOGARAN,MALE,,404,BERJASA,USTAZ TAHIR,MALE,,0,PSM,SURESH KUMAR,MALE,,17
BN,DATO' SIVARRAAJH CHANDRAN,MALE,,78,PKR,MANOGARAN,MALE,,430,BERJASA,USTAZ TAHIR,MALE,,0,PSM,SURESH KUMAR,MALE,,20
BN,DATO' SIVARRAAJH CHANDRAN,MALE,,58,PKR,MANOGARAN,MALE,,414,BERJASA,USTAZ TAHIR,MALE,,0,PSM,SURESH KUMAR,MALE,,28
BN,DATO' SIVARRAAJH CHANDRAN,MALE,,76,PKR,MANOGARAN,MALE,,125,BERJASA,USTAZ TAHIR,MALE,,1,PSM,SURESH KUMAR,MALE,,18
BN,DATO' SIVARRAAJH CHANDRAN,MALE,,110,PKR,MANOGARAN,MALE,,218,BERJASA,USTAZ TAHIR,MALE,,0,PSM,SURESH KUMAR,MALE,,30
BN,DATO' SIVARRAAJH CHANDRAN,MALE,,52,PKR,MANOGARAN,MALE,,32,BERJASA,USTAZ TAHIR,MALE,,0,PSM,SURESH KUMAR,MALE,,16
BN,DATO' SIVARRAAJH CHANDRAN,MALE,,77,PKR,MANOGARAN,MALE,,39,BERJASA,USTAZ TAHIR,MALE,,0,PSM,SURESH KUMAR,MALE,,4
BN,DATO' SIVARRAAJH CHANDRAN,MALE,,88,PKR,MANOGARAN,MALE,,246,BERJASA,USTAZ TAHIR,MALE,,0,PSM,SURESH KUMAR,MALE,,8
BN,DATO' SIVARRAAJH CHANDRAN,MALE,,77,PKR,MANOGARAN,MALE,,118,BERJASA,USTAZ TAHIR,MALE,,2,PSM,SURESH KUMAR,MALE,,9
BN,DATO' SIVARRAAJH CHANDRAN,MALE,,191,PKR,MANOGARAN,MALE,,237,BERJASA,USTAZ TAHIR,MALE,,0,PSM,SURESH KUMAR,MALE,,28
BN,DATO' SIVARRAAJH CHANDRAN,MALE,,166,PKR,MANOGARAN,MALE,,251,BERJASA,USTAZ TAHIR,MALE,,1,PSM,SURESH KUMAR,MALE,,28
BN,DATO' SIVARRAAJH CHANDRAN,MALE,,135,PKR,MANOGARAN,MALE,,255,BERJASA,USTAZ TAHIR,MALE,,2,PSM,SURESH KUMAR,MALE,,25
BN,DATO' SIVARRAAJH CHANDRAN,MALE,,145,PKR,MANOGARAN,MALE,,222,BERJASA,USTAZ TAHIR,MALE,,2,PSM,SURESH KUMAR,MALE,,41
BN,DATO' SIVARRAAJH CHANDRAN,MALE,,69,PKR,MANOGARAN,MALE,,126,BERJASA,USTAZ TAHIR,MALE,,4,PSM,SURESH KUMAR,MALE,,4
BN,DATO' SIVARRAAJH CHANDRAN,MALE,,117,PKR,MANOGARAN,MALE,,256,BERJASA,USTAZ TAHIR,MALE,,1,PSM,SURESH KUMAR,MALE,,11
BN,DATO' SIVARRAAJH CHANDRAN,MALE,,145,PKR,MANOGARAN,MALE,,226,BERJASA,USTAZ TAHIR,MALE,,1,PSM,SURESH KUMAR,MALE,,9
BN,DATO' SIVARRAAJH CHANDRAN,MALE,,157,PKR,MANOGARAN,MALE,,178,BERJASA,USTAZ TAHIR,MALE,,0,PSM,SURESH KUMAR,MALE,,9
BN,DATO' SIVARRAAJH CHANDRAN,MALE,,187,PKR,MANOGARAN,MALE,,151,BERJASA,USTAZ TAHIR,MALE,,0,PSM,SURESH KUMAR,MALE,,11
BN,DATO' SIVARRAAJH CHANDRAN,MALE,,54,PKR,MANOGARAN,MALE,,39,BERJASA,USTAZ TAHIR,MALE,,0,PSM,SURESH KUMAR,MALE,,33
BN,DATO' SIVARRAAJH CHANDRAN,MALE,,84,PKR,MANOGARAN,MALE,,126,BERJASA,USTAZ TAHIR,MALE,,0,PSM,SURESH KUMAR,MALE,,25
BN,DATO' SIVARRAAJH CHANDRAN,MALE,,60,PKR,MANOGARAN,MALE,,199,BERJASA,USTAZ TAHIR,MALE,,0,PSM,SURESH KUMAR,MALE,,2
BN,DATO' SIVARRAAJH CHANDRAN,MALE,,79,PKR,MANOGARAN,MALE,,368,BERJASA,USTAZ TAHIR,MALE,,0,PSM,SURESH KUMAR,MALE,,2
BN,DATO' SIVARRAAJH CHANDRAN,MALE,,68,PKR,MANOGARAN,MALE,,389,BERJASA,USTAZ TAHIR,MALE,,0,PSM,SURESH KUMAR,MALE,,1
BN,DATO' SIVARRAAJH CHANDRAN,MALE,,58,PKR,MANOGARAN,MALE,,394,BERJASA,USTAZ TAHIR,MALE,,1,PSM,SURESH KUMAR,MALE,,3
BN,DATO' SIVARRAAJH CHANDRAN,MALE,,57,PKR,MANOGARAN,MALE,,163,BERJASA,USTAZ TAHIR,MALE,,0,PSM,SURESH KUMAR,MALE,,8
BN,DATO' SIVARRAAJH CHANDRAN,MALE,,86,PKR,MANOGARAN,MALE,,333,BERJASA,USTAZ TAHIR,MALE,,0,PSM,SURESH KUMAR,MALE,,20
BN,DATO' SIVARRAAJH CHANDRAN,MALE,,65,PKR,MANOGARAN,MALE,,358,BERJASA,USTAZ TAHIR,MALE,,0,PSM,SURESH KUMAR,MALE,,22
BN,DATO' SIVARRAAJH CHANDRAN,MALE,,81,PKR,MANOGARAN,MALE,,192,BERJASA,USTAZ TAHIR,MALE,,0,PSM,SURESH KUMAR,MALE,,2
BN,DATO' SIVARRAAJH CHANDRAN,MALE,,60,PKR,MANOGARAN,MALE,,334,BERJASA,USTAZ TAHIR,MALE,,0,PSM,SURESH KUMAR,MALE,,2
BN,DATO' SIVARRAAJH CHANDRAN,MALE,,35,PKR,MANOGARAN,MALE,,355,BERJASA,USTAZ TAHIR,MALE,,0,PSM,SURESH KUMAR,MALE,,6
BN,DATO' SIVARRAAJH CHANDRAN,MALE,,258,PKR,MANOGARAN,MALE,,3,BERJASA,USTAZ TAHIR,MALE,,2,PSM,SURESH KUMAR,MALE,,74
BN,DATO' SIVARRAAJH CHANDRAN,MALE,,165,PKR,MANOGARAN,MALE,,37,BERJASA,USTAZ TAHIR,MALE,,4,PSM,SURESH KUMAR,MALE,,0
BN,DATO' SIVARRAAJH CHANDRAN,MALE,,243,PKR,MANOGARAN,MALE,,77,BERJASA,USTAZ TAHIR,MALE,,4,PSM,SURESH KUMAR,MALE,,0
BN,DATO' SIVARRAAJH CHANDRAN,MALE,,170,PKR,MANOGARAN,MALE,,18,BERJASA,USTAZ TAHIR,MALE,,1,PSM,SURESH KUMAR,MALE,,2
BN,DATO' SIVARRAAJH CHANDRAN,MALE,,243,PKR,MANOGARAN,MALE,,43,BERJASA,USTAZ TAHIR,MALE,,0,PSM,SURESH KUMAR,MALE,,2
BN,DATO' SIVARRAAJH CHANDRAN,MALE,,147,PKR,MANOGARAN,MALE,,25,BERJASA,USTAZ TAHIR,MALE,,1,PSM,SURESH KUMAR,MALE,,0
BN,DATO' SIVARRAAJH CHANDRAN,MALE,,184,PKR,MANOGARAN,MALE,,22,BERJASA,USTAZ TAHIR,MALE,,3,PSM,SURESH KUMAR,MALE,,1
BN,DATO' SIVARRAAJH CHANDRAN,MALE,,127,PKR,MANOGARAN,MALE,,8,BERJASA,USTAZ TAHIR,MALE,,1,PSM,SURESH KUMAR,MALE,,0
BN,DATO' SIVARRAAJH CHANDRAN,MALE,,103,PKR,MANOGARAN,MALE,,14,BERJASA,USTAZ TAHIR,MALE,,2,PSM,SURESH KUMAR,MALE,,0
BN,DATO' SIVARRAAJH CHANDRAN,MALE,,85,PKR,MANOGARAN,MALE,,18,BERJASA,USTAZ TAHIR,MALE,,3,PSM,SURESH KUMAR,MALE,,0
BN,DATO' SIVARRAAJH CHANDRAN,MALE,,187,PKR,MANOGARAN,MALE,,4,BERJASA,USTAZ TAHIR,MALE,,0,PSM,SURESH KUMAR,MALE,,0
BN,DATO' SIVARRAAJH CHANDRAN,MALE,,287,PKR,MANOGARAN,MALE,,22,BERJASA,USTAZ TAHIR,MALE,,1,PSM,SURESH KUMAR,MALE,,1
BN,DATO' SIVARRAAJH CHANDRAN,MALE,,150,PKR,MANOGARAN,MALE,,21,BERJASA,USTAZ TAHIR,MALE,,1,PSM,SURESH KUMAR,MALE,,0
BN,DATO' SIVARRAAJH CHANDRAN,MALE,,205,PKR,MANOGARAN,MALE,,44,BERJASA,USTAZ TAHIR,MALE,,0,PSM,SURESH KUMAR,MALE,,1
BN,DATO' SIVARRAAJH CHANDRAN,MALE,,185,PKR,MANOGARAN,MALE,,41,BERJASA,USTAZ TAHIR,MALE,,1,PSM,SURESH KUMAR,MALE,,0
BN,DATO' SIVARRAAJH CHANDRAN,MALE,,178,PKR,MANOGARAN,MALE,,21,BERJASA,USTAZ TAHIR,MALE,,0,PSM,SURESH KUMAR,MALE,,1
BN,DATO' SIVARRAAJH CHANDRAN,MALE,,206,PKR,MANOGARAN,MALE,,43,BERJASA,USTAZ TAHIR,MALE,,2,PSM,SURESH KUMAR,MALE,,0
BN,DATO' SIVARRAAJH CHANDRAN,MALE,,130,PKR,MANOGARAN,MALE,,40,BERJASA,USTAZ TAHIR,MALE,,1,PSM,SURESH KUMAR,MALE,,0
BN,DATO' SIVARRAAJH CHANDRAN,MALE,,119,PKR,MANOGARAN,MALE,,52,BERJASA,USTAZ TAHIR,MALE,,1,PSM,SURESH KUMAR,MALE,,0
BN,DATO' SIVARRAAJH CHANDRAN,MALE,,117,PKR,MANOGARAN,MALE,,67,BERJASA,USTAZ TAHIR,MALE,,1,PSM,SURESH KUMAR,MALE,,0
BN,DATO' SIVARRAAJH CHANDRAN,MALE,,185,PKR,MANOGARAN,MALE,,31,BERJASA,USTAZ TAHIR,MALE,,2,PSM,SURESH KUMAR,MALE,,2
BN,DATO' SIVARRAAJH CHANDRAN,MALE,,328,PKR,MANOGARAN,MALE,,37,BERJASA,USTAZ TAHIR,MALE,,3,PSM,SURESH KUMAR,MALE,,12
BN,DATO' SIVARRAAJH CHANDRAN,MALE,,357,PKR,MANOGARAN,MALE,,32,BERJASA,USTAZ TAHIR,MALE,,2,PSM,SURESH KUMAR,MALE,,4
BN,DATO' SIVARRAAJH CHANDRAN,MALE,,186,PKR,MANOGARAN,MALE,,70,BERJASA,USTAZ TAHIR,MALE,,0,PSM,SURESH KUMAR,MALE,,6
BN,DATO' SIVARRAAJH CHANDRAN,MALE,,281,PKR,MANOGARAN,MALE,,108,BERJASA,USTAZ TAHIR,MALE,,3,PSM,SURESH KUMAR,MALE,,0
BN,DATO' SIVARRAAJH CHANDRAN,MALE,,242,PKR,MANOGARAN,MALE,,90,BERJASA,USTAZ TAHIR,MALE,,0,PSM,SURESH KUMAR,MALE,,3
BN,DATO' SIVARRAAJH CHANDRAN,MALE,,121,PKR,MANOGARAN,MALE,,21,BERJASA,USTAZ TAHIR,MALE,,6,PSM,SURESH KUMAR,MALE,,26
BN,DATO' SIVARRAAJH CHANDRAN,MALE,,146,PKR,MANOGARAN,MALE,,26,BERJASA,USTAZ TAHIR,MALE,,5,PSM,SURESH KUMAR,MALE,,22
BN,DATO' SIVARRAAJH CHANDRAN,MALE,,135,PKR,MANOGARAN,MALE,,8,BERJASA,USTAZ TAHIR,MALE,,2,PSM,SURESH KUMAR,MALE,,28
,,,,10307,,,,,9710,,,,,81,,,,,680
